03/24-15:35:25.988451 ,"ET ASP SQL Injection Attempt",192.168.244.1,56643,192.168.244.136,80
03/24-15:35:28.046057 ,"ET ASP SQL Injection Attempt",192.168.244.1,56644,192.168.244.136,80
03/24-15:35:28.132256 ,"ET ASP SQL Injection Attempt",192.168.244.1,56645,192.168.244.136,80
03/24-15:35:28.189967 ,"ET ASP SQL Injection Attempt",192.168.244.1,56646,192.168.244.136,80
03/24-15:35:28.251411 ,"ET ASP SQL Injection Attempt",192.168.244.1,56647,192.168.244.136,80
03/24-15:35:28.313899 ,"ET ASP SQL Injection Attempt",192.168.244.1,56648,192.168.244.136,80
03/24-15:35:28.376682 ,"ET ASP SQL Injection Attempt",192.168.244.1,56649,192.168.244.136,80
03/24-15:35:28.439714 ,"ET ASP SQL Injection Attempt",192.168.244.1,56650,192.168.244.136,80
03/24-15:35:28.501594 ,"ET ASP SQL Injection Attempt",192.168.244.1,56651,192.168.244.136,80
03/24-15:35:28.564135 ,"ET ASP SQL Injection Attempt",192.168.244.1,56652,192.168.244.136,80
03/24-15:35:28.626260 ,"ET ASP SQL Injection Attempt",192.168.244.1,56653,192.168.244.136,80
03/24-15:35:28.690040 ,"ET ASP SQL Injection Attempt",192.168.244.1,56654,192.168.244.136,80
03/24-15:35:28.750562 ,"ET ASP SQL Injection Attempt",192.168.244.1,56655,192.168.244.136,80
03/24-15:35:28.831552 ,"ET ASP SQL Injection Attempt",192.168.244.1,56656,192.168.244.136,80
03/24-15:35:28.911944 ,"ET ASP SQL Injection Attempt",192.168.244.1,56657,192.168.244.136,80
03/24-15:35:28.971244 ,"ET ASP SQL Injection Attempt",192.168.244.1,56658,192.168.244.136,80
03/24-15:35:29.032828 ,"ET ASP SQL Injection Attempt",192.168.244.1,56659,192.168.244.136,80
03/24-15:35:29.094611 ,"ET ASP SQL Injection Attempt",192.168.244.1,56660,192.168.244.136,80
03/24-15:35:29.158027 ,"ET ASP SQL Injection Attempt",192.168.244.1,56661,192.168.244.136,80
03/24-15:35:29.219348 ,"ET ASP SQL Injection Attempt",192.168.244.1,56662,192.168.244.136,80
03/24-15:35:29.283503 ,"ET ASP SQL Injection Attempt",192.168.244.1,56663,192.168.244.136,80
03/24-15:35:29.344680 ,"ET ASP SQL Injection Attempt",192.168.244.1,56664,192.168.244.136,80
03/24-15:35:29.408301 ,"ET ASP SQL Injection Attempt",192.168.244.1,56665,192.168.244.136,80
03/24-15:35:29.469718 ,"ET ASP SQL Injection Attempt",192.168.244.1,56666,192.168.244.136,80
03/24-15:35:29.533845 ,"ET ASP SQL Injection Attempt",192.168.244.1,56667,192.168.244.136,80
03/24-15:35:29.594548 ,"ET ASP SQL Injection Attempt",192.168.244.1,56668,192.168.244.136,80
03/24-15:35:29.676855 ,"ET ASP SQL Injection Attempt",192.168.244.1,56669,192.168.244.136,80
03/24-15:35:29.755293 ,"ET ASP SQL Injection Attempt",192.168.244.1,56670,192.168.244.136,80
03/24-15:35:29.814116 ,"ET ASP SQL Injection Attempt",192.168.244.1,56671,192.168.244.136,80
03/24-15:35:29.875913 ,"ET ASP SQL Injection Attempt",192.168.244.1,56672,192.168.244.136,80
03/24-15:35:29.939654 ,"ET ASP SQL Injection Attempt",192.168.244.1,56673,192.168.244.136,80
03/24-15:35:30.001500 ,"ET ASP SQL Injection Attempt",192.168.244.1,56674,192.168.244.136,80
03/24-15:35:30.065287 ,"ET ASP SQL Injection Attempt",192.168.244.1,56675,192.168.244.136,80
03/24-15:35:30.126443 ,"ET ASP SQL Injection Attempt",192.168.244.1,56676,192.168.244.136,80
03/24-15:35:30.189593 ,"ET ASP SQL Injection Attempt",192.168.244.1,56677,192.168.244.136,80
03/24-15:35:35.300298 ,"ET ASP SQL Injection Attempt",192.168.244.1,56678,192.168.244.136,80
03/24-15:35:35.380561 ,"ET ASP SQL Injection Attempt",192.168.244.1,56679,192.168.244.136,80
03/24-15:35:35.439081 ,"ET ASP SQL Injection Attempt",192.168.244.1,56680,192.168.244.136,80
03/24-15:35:35.500450 ,"ET ASP SQL Injection Attempt",192.168.244.1,56681,192.168.244.136,80
03/24-15:35:35.564361 ,"ET ASP SQL Injection Attempt",192.168.244.1,56682,192.168.244.136,80
03/24-15:35:35.626572 ,"ET ASP SQL Injection Attempt",192.168.244.1,56683,192.168.244.136,80
03/24-15:35:35.689856 ,"ET ASP SQL Injection Attempt",192.168.244.1,56684,192.168.244.136,80
03/24-15:35:35.751053 ,"ET ASP SQL Injection Attempt",192.168.244.1,56685,192.168.244.136,80
03/24-15:35:35.813717 ,"ET ASP SQL Injection Attempt",192.168.244.1,56686,192.168.244.136,80
03/24-15:35:35.875887 ,"ET ASP SQL Injection Attempt",192.168.244.1,56687,192.168.244.136,80
03/24-15:35:35.939375 ,"ET ASP SQL Injection Attempt",192.168.244.1,56688,192.168.244.136,80
03/24-15:35:36.001089 ,"ET ASP SQL Injection Attempt",192.168.244.1,56689,192.168.244.136,80
03/24-15:35:36.064047 ,"ET ASP SQL Injection Attempt",192.168.244.1,56690,192.168.244.136,80
03/24-15:35:36.148137 ,"ET ASP SQL Injection Attempt",192.168.244.1,56691,192.168.244.136,80
03/24-15:35:36.203852 ,"ET ASP SQL Injection Attempt",192.168.244.1,56692,192.168.244.136,80
03/24-15:35:36.266549 ,"ET ASP SQL Injection Attempt",192.168.244.1,56693,192.168.244.136,80
03/24-15:35:36.327915 ,"ET ASP SQL Injection Attempt",192.168.244.1,56694,192.168.244.136,80
03/24-15:35:36.392901 ,"ET ASP SQL Injection Attempt",192.168.244.1,56695,192.168.244.136,80
03/24-15:35:36.455287 ,"ET ASP SQL Injection Attempt",192.168.244.1,56696,192.168.244.136,80
03/24-15:35:36.516853 ,"ET ASP SQL Injection Attempt",192.168.244.1,56697,192.168.244.136,80
03/24-15:35:36.578301 ,"ET ASP SQL Injection Attempt",192.168.244.1,56698,192.168.244.136,80
03/24-15:35:36.642179 ,"ET ASP SQL Injection Attempt",192.168.244.1,56699,192.168.244.136,80
03/24-15:35:36.705809 ,"ET ASP SQL Injection Attempt",192.168.244.1,56700,192.168.244.136,80
03/24-15:35:36.766596 ,"ET ASP SQL Injection Attempt",192.168.244.1,56701,192.168.244.136,80
03/24-15:35:36.830024 ,"ET ASP SQL Injection Attempt",192.168.244.1,56702,192.168.244.136,80
03/24-15:35:36.892583 ,"ET ASP SQL Injection Attempt",192.168.244.1,56703,192.168.244.136,80
03/24-15:35:36.955829 ,"ET ASP SQL Injection Attempt",192.168.244.1,56704,192.168.244.136,80
03/24-15:35:37.016526 ,"ET ASP SQL Injection Attempt",192.168.244.1,56705,192.168.244.136,80
03/24-15:35:37.077869 ,"ET ASP SQL Injection Attempt",192.168.244.1,56706,192.168.244.136,80
03/24-15:35:37.142705 ,"ET ASP SQL Injection Attempt",192.168.244.1,56707,192.168.244.136,80
03/24-15:35:37.205783 ,"ET ASP SQL Injection Attempt",192.168.244.1,56708,192.168.244.136,80
03/24-15:35:37.266924 ,"ET ASP SQL Injection Attempt",192.168.244.1,56709,192.168.244.136,80
03/24-15:35:37.328353 ,"ET ASP SQL Injection Attempt",192.168.244.1,56710,192.168.244.136,80
03/24-15:35:37.392041 ,"ET ASP SQL Injection Attempt",192.168.244.1,56711,192.168.244.136,80
03/24-15:35:37.455516 ,"ET ASP SQL Injection Attempt",192.168.244.1,56712,192.168.244.136,80
03/24-15:35:37.516823 ,"ET ASP SQL Injection Attempt",192.168.244.1,56713,192.168.244.136,80
03/24-15:35:37.578897 ,"ET ASP SQL Injection Attempt",192.168.244.1,56714,192.168.244.136,80
03/24-15:35:37.643075 ,"ET ASP SQL Injection Attempt",192.168.244.1,56715,192.168.244.136,80
03/24-15:35:37.703983 ,"ET ASP SQL Injection Attempt",192.168.244.1,56716,192.168.244.136,80
03/24-15:35:37.766506 ,"ET ASP SQL Injection Attempt",192.168.244.1,56717,192.168.244.136,80
03/24-15:35:37.831301 ,"ET ASP SQL Injection Attempt",192.168.244.1,56718,192.168.244.136,80
03/24-15:35:37.892241 ,"ET ASP SQL Injection Attempt",192.168.244.1,56719,192.168.244.136,80
03/24-15:35:37.956015 ,"ET ASP SQL Injection Attempt",192.168.244.1,56720,192.168.244.136,80
03/24-15:35:38.017117 ,"ET ASP SQL Injection Attempt",192.168.244.1,56721,192.168.244.136,80
03/24-15:35:38.100546 ,"ET ASP SQL Injection Attempt",192.168.244.1,56722,192.168.244.136,80
03/24-15:35:38.159664 ,"ET ASP SQL Injection Attempt",192.168.244.1,56723,192.168.244.136,80
03/24-15:35:38.219482 ,"ET ASP SQL Injection Attempt",192.168.244.1,56724,192.168.244.136,80
03/24-15:35:38.282952 ,"ET ASP SQL Injection Attempt",192.168.244.1,56725,192.168.244.136,80
03/24-15:35:38.345527 ,"ET ASP SQL Injection Attempt",192.168.244.1,56726,192.168.244.136,80
03/24-15:35:43.650789 ,"ET ASP SQL Injection Attempt",192.168.244.1,56733,192.168.244.136,80
03/24-15:35:44.630118 ,"ET ASP SQL Injection Attempt",192.168.244.1,56735,192.168.244.136,80
03/24-15:35:44.730607 ,"ET ASP SQL Injection Attempt",192.168.244.1,56736,192.168.244.136,80
03/24-15:35:44.812067 ,"ET ASP SQL Injection Attempt",192.168.244.1,56737,192.168.244.136,80
03/24-15:35:44.830926 ,"ET ASP SQL Injection Attempt",192.168.244.1,56738,192.168.244.136,80
03/24-15:35:44.883088 ,"ET ASP SQL Injection Attempt",192.168.244.1,56739,192.168.244.136,80
03/24-15:35:44.944914 ,"ET ASP SQL Injection Attempt",192.168.244.1,56740,192.168.244.136,80
03/24-15:35:45.007495 ,"ET ASP SQL Injection Attempt",192.168.244.1,56741,192.168.244.136,80
03/24-15:35:45.069900 ,"ET ASP SQL Injection Attempt",192.168.244.1,56742,192.168.244.136,80
03/24-15:35:45.132788 ,"ET ASP SQL Injection Attempt",192.168.244.1,56743,192.168.244.136,80
03/24-15:35:45.179595 ,"ET ASP SQL Injection Attempt",192.168.244.1,56744,192.168.244.136,80
03/24-15:35:45.241305 ,"ET ASP SQL Injection Attempt",192.168.244.1,56745,192.168.244.136,80
03/24-15:35:45.305282 ,"ET ASP SQL Injection Attempt",192.168.244.1,56746,192.168.244.136,80
03/24-15:35:45.366904 ,"ET ASP SQL Injection Attempt",192.168.244.1,56747,192.168.244.136,80
03/24-15:35:45.428608 ,"ET ASP SQL Injection Attempt",192.168.244.1,56748,192.168.244.136,80
03/24-15:35:45.476271 ,"ET ASP SQL Injection Attempt",192.168.244.1,56749,192.168.244.136,80
03/24-15:35:45.539855 ,"ET ASP SQL Injection Attempt",192.168.244.1,56750,192.168.244.136,80
03/24-15:35:45.585323 ,"ET ASP SQL Injection Attempt",192.168.244.1,56751,192.168.244.136,80
03/24-15:35:45.632184 ,"ET ASP SQL Injection Attempt",192.168.244.1,56752,192.168.244.136,80
03/24-15:35:45.695048 ,"ET ASP SQL Injection Attempt",192.168.244.1,56753,192.168.244.136,80
03/24-15:35:45.757503 ,"ET ASP SQL Injection Attempt",192.168.244.1,56754,192.168.244.136,80
03/24-15:35:45.804669 ,"ET ASP SQL Injection Attempt",192.168.244.1,56755,192.168.244.136,80
03/24-15:35:45.881791 ,"ET ASP SQL Injection Attempt",192.168.244.1,56756,192.168.244.136,80
03/24-15:35:45.929096 ,"ET ASP SQL Injection Attempt",192.168.244.1,56757,192.168.244.136,80
03/24-15:35:45.990893 ,"ET ASP SQL Injection Attempt",192.168.244.1,56758,192.168.244.136,80
03/24-15:35:46.055582 ,"ET ASP SQL Injection Attempt",192.168.244.1,56759,192.168.244.136,80
03/24-15:35:46.116232 ,"ET ASP SQL Injection Attempt",192.168.244.1,56760,192.168.244.136,80
03/24-15:35:46.178856 ,"ET ASP SQL Injection Attempt",192.168.244.1,56761,192.168.244.136,80
03/24-15:35:46.241803 ,"ET ASP SQL Injection Attempt",192.168.244.1,56762,192.168.244.136,80
03/24-15:35:46.289810 ,"ET ASP SQL Injection Attempt",192.168.244.1,56763,192.168.244.136,80
03/24-15:35:46.351292 ,"ET ASP SQL Injection Attempt",192.168.244.1,56764,192.168.244.136,80
03/24-15:35:46.397965 ,"ET ASP SQL Injection Attempt",192.168.244.1,56765,192.168.244.136,80
03/24-15:35:46.476000 ,"ET ASP SQL Injection Attempt",192.168.244.1,56766,192.168.244.136,80
03/24-15:35:46.524212 ,"ET ASP SQL Injection Attempt",192.168.244.1,56767,192.168.244.136,80
03/24-15:35:46.585996 ,"ET ASP SQL Injection Attempt",192.168.244.1,56768,192.168.244.136,80
03/24-15:35:46.632482 ,"ET ASP SQL Injection Attempt",192.168.244.1,56769,192.168.244.136,80
03/24-15:35:46.694327 ,"ET ASP SQL Injection Attempt",192.168.244.1,56770,192.168.244.136,80
03/24-15:35:46.757788 ,"ET ASP SQL Injection Attempt",192.168.244.1,56771,192.168.244.136,80
03/24-15:35:46.821532 ,"ET ASP SQL Injection Attempt",192.168.244.1,56772,192.168.244.136,80
03/24-15:35:46.882070 ,"ET ASP SQL Injection Attempt",192.168.244.1,56773,192.168.244.136,80
03/24-15:35:46.928708 ,"ET ASP SQL Injection Attempt",192.168.244.1,56774,192.168.244.136,80
03/24-15:35:46.991680 ,"ET ASP SQL Injection Attempt",192.168.244.1,56775,192.168.244.136,80
03/24-15:35:47.039546 ,"ET ASP SQL Injection Attempt",192.168.244.1,56776,192.168.244.136,80
03/24-15:35:47.101654 ,"ET ASP SQL Injection Attempt",192.168.244.1,56777,192.168.244.136,80
03/24-15:35:47.163185 ,"ET ASP SQL Injection Attempt",192.168.244.1,56778,192.168.244.136,80
03/24-15:35:47.226002 ,"ET ASP SQL Injection Attempt",192.168.244.1,56779,192.168.244.136,80
03/24-15:35:47.290352 ,"ET ASP SQL Injection Attempt",192.168.244.1,56780,192.168.244.136,80
03/24-15:35:47.350682 ,"ET ASP SQL Injection Attempt",192.168.244.1,56781,192.168.244.136,80
03/24-15:35:47.413464 ,"ET ASP SQL Injection Attempt",192.168.244.1,56782,192.168.244.136,80
03/24-15:35:47.460245 ,"ET ASP SQL Injection Attempt",192.168.244.1,56783,192.168.244.136,80
03/24-15:35:47.525842 ,"ET ASP SQL Injection Attempt",192.168.244.1,56784,192.168.244.136,80
03/24-15:35:47.585009 ,"ET ASP SQL Injection Attempt",192.168.244.1,56785,192.168.244.136,80
03/24-15:35:47.648004 ,"ET ASP SQL Injection Attempt",192.168.244.1,56786,192.168.244.136,80
03/24-15:35:47.710368 ,"ET ASP SQL Injection Attempt",192.168.244.1,56787,192.168.244.136,80
03/24-15:35:47.757215 ,"ET ASP SQL Injection Attempt",192.168.244.1,56788,192.168.244.136,80
03/24-15:35:47.804840 ,"ET ASP SQL Injection Attempt",192.168.244.1,56789,192.168.244.136,80
03/24-15:35:47.851932 ,"ET ASP SQL Injection Attempt",192.168.244.1,56790,192.168.244.136,80
03/24-15:35:47.928824 ,"ET ASP SQL Injection Attempt",192.168.244.1,56791,192.168.244.136,80
03/24-15:35:47.992170 ,"ET ASP SQL Injection Attempt",192.168.244.1,56792,192.168.244.136,80
03/24-15:35:48.069704 ,"ET ASP SQL Injection Attempt",192.168.244.1,56793,192.168.244.136,80
03/24-15:35:48.116647 ,"ET ASP SQL Injection Attempt",192.168.244.1,56794,192.168.244.136,80
03/24-15:35:48.194408 ,"ET ASP SQL Injection Attempt",192.168.244.1,56795,192.168.244.136,80
03/24-15:35:48.257426 ,"ET ASP SQL Injection Attempt",192.168.244.1,56796,192.168.244.136,80
03/24-15:35:48.320138 ,"ET ASP SQL Injection Attempt",192.168.244.1,56797,192.168.244.136,80
03/24-15:35:48.367025 ,"ET ASP SQL Injection Attempt",192.168.244.1,56798,192.168.244.136,80
03/24-15:35:48.413793 ,"ET ASP SQL Injection Attempt",192.168.244.1,56799,192.168.244.136,80
03/24-15:35:48.476276 ,"ET ASP SQL Injection Attempt",192.168.244.1,56800,192.168.244.136,80
03/24-15:35:48.541517 ,"ET ASP SQL Injection Attempt",192.168.244.1,56801,192.168.244.136,80
03/24-15:35:48.585216 ,"ET ASP SQL Injection Attempt",192.168.244.1,56802,192.168.244.136,80
03/24-15:35:48.632186 ,"ET ASP SQL Injection Attempt",192.168.244.1,56803,192.168.244.136,80
03/24-15:35:48.695050 ,"ET ASP SQL Injection Attempt",192.168.244.1,56804,192.168.244.136,80
03/24-15:35:48.757955 ,"ET ASP SQL Injection Attempt",192.168.244.1,56805,192.168.244.136,80
03/24-15:35:48.805240 ,"ET ASP SQL Injection Attempt",192.168.244.1,56806,192.168.244.136,80
03/24-15:35:48.851197 ,"ET ASP SQL Injection Attempt",192.168.244.1,56807,192.168.244.136,80
03/24-15:35:48.897446 ,"ET ASP SQL Injection Attempt",192.168.244.1,56808,192.168.244.136,80
03/24-15:35:48.944264 ,"ET ASP SQL Injection Attempt",192.168.244.1,56809,192.168.244.136,80
03/24-15:35:48.991153 ,"ET ASP SQL Injection Attempt",192.168.244.1,56810,192.168.244.136,80
03/24-15:35:49.055297 ,"ET ASP SQL Injection Attempt",192.168.244.1,56811,192.168.244.136,80
03/24-15:35:49.100988 ,"ET ASP SQL Injection Attempt",192.168.244.1,56812,192.168.244.136,80
03/24-15:35:49.155730 ,"ET ASP SQL Injection Attempt",192.168.244.1,56813,192.168.244.136,80
03/24-15:35:49.225786 ,"ET ASP SQL Injection Attempt",192.168.244.1,56815,192.168.244.136,80
03/24-15:35:49.273414 ,"ET ASP SQL Injection Attempt",192.168.244.1,56816,192.168.244.136,80
03/24-15:35:49.318963 ,"ET ASP SQL Injection Attempt",192.168.244.1,56817,192.168.244.136,80
03/24-15:35:49.382044 ,"ET ASP SQL Injection Attempt",192.168.244.1,56818,192.168.244.136,80
03/24-15:35:49.445165 ,"ET ASP SQL Injection Attempt",192.168.244.1,56819,192.168.244.136,80
03/24-15:35:49.492243 ,"ET ASP SQL Injection Attempt",192.168.244.1,56820,192.168.244.136,80
03/24-15:35:49.539915 ,"ET ASP SQL Injection Attempt",192.168.244.1,56821,192.168.244.136,80
03/24-15:35:49.600676 ,"ET ASP SQL Injection Attempt",192.168.244.1,56822,192.168.244.136,80
03/24-15:35:49.663478 ,"ET ASP SQL Injection Attempt",192.168.244.1,56823,192.168.244.136,80
03/24-15:35:49.710317 ,"ET ASP SQL Injection Attempt",192.168.244.1,56824,192.168.244.136,80
03/24-15:35:49.774931 ,"ET ASP SQL Injection Attempt",192.168.244.1,56825,192.168.244.136,80
03/24-15:35:49.835209 ,"ET ASP SQL Injection Attempt",192.168.244.1,56826,192.168.244.136,80
03/24-15:35:49.881566 ,"ET ASP SQL Injection Attempt",192.168.244.1,56827,192.168.244.136,80
03/24-15:35:49.928871 ,"ET ASP SQL Injection Attempt",192.168.244.1,56828,192.168.244.136,80
03/24-15:35:49.975749 ,"ET ASP SQL Injection Attempt",192.168.244.1,56829,192.168.244.136,80
03/24-15:35:50.023289 ,"ET ASP SQL Injection Attempt",192.168.244.1,56830,192.168.244.136,80
03/24-15:35:50.069457 ,"ET ASP SQL Injection Attempt",192.168.244.1,56831,192.168.244.136,80
03/24-15:35:50.132205 ,"ET ASP SQL Injection Attempt",192.168.244.1,56832,192.168.244.136,80
03/24-15:35:50.195248 ,"ET ASP SQL Injection Attempt",192.168.244.1,56833,192.168.244.136,80
03/24-15:35:50.257336 ,"ET ASP SQL Injection Attempt",192.168.244.1,56834,192.168.244.136,80
03/24-15:35:50.320126 ,"ET ASP SQL Injection Attempt",192.168.244.1,56835,192.168.244.136,80
03/24-15:35:50.366543 ,"ET ASP SQL Injection Attempt",192.168.244.1,56836,192.168.244.136,80
03/24-15:35:50.413080 ,"ET ASP SQL Injection Attempt",192.168.244.1,56837,192.168.244.136,80
03/24-15:35:50.492239 ,"ET ASP SQL Injection Attempt",192.168.244.1,56838,192.168.244.136,80
03/24-15:35:50.555560 ,"ET ASP SQL Injection Attempt",192.168.244.1,56839,192.168.244.136,80
03/24-15:35:50.616223 ,"ET ASP SQL Injection Attempt",192.168.244.1,56840,192.168.244.136,80
03/24-15:35:50.678880 ,"ET ASP SQL Injection Attempt",192.168.244.1,56841,192.168.244.136,80
03/24-15:35:50.741453 ,"ET ASP SQL Injection Attempt",192.168.244.1,56842,192.168.244.136,80
03/24-15:35:50.789357 ,"ET ASP SQL Injection Attempt",192.168.244.1,56843,192.168.244.136,80
03/24-15:35:50.851876 ,"ET ASP SQL Injection Attempt",192.168.244.1,56844,192.168.244.136,80
03/24-15:35:50.929314 ,"ET ASP SQL Injection Attempt",192.168.244.1,56845,192.168.244.136,80
03/24-15:35:50.975782 ,"ET ASP SQL Injection Attempt",192.168.244.1,56846,192.168.244.136,80
03/24-15:35:51.023381 ,"ET ASP SQL Injection Attempt",192.168.244.1,56847,192.168.244.136,80
03/24-15:35:51.085677 ,"ET ASP SQL Injection Attempt",192.168.244.1,56848,192.168.244.136,80
03/24-15:35:51.147734 ,"ET ASP SQL Injection Attempt",192.168.244.1,56849,192.168.244.136,80
03/24-15:35:51.194391 ,"ET ASP SQL Injection Attempt",192.168.244.1,56850,192.168.244.136,80
03/24-15:35:51.257561 ,"ET ASP SQL Injection Attempt",192.168.244.1,56851,192.168.244.136,80
03/24-15:35:51.321735 ,"ET ASP SQL Injection Attempt",192.168.244.1,56852,192.168.244.136,80
03/24-15:35:51.366530 ,"ET ASP SQL Injection Attempt",192.168.244.1,56853,192.168.244.136,80
03/24-15:35:51.413741 ,"ET ASP SQL Injection Attempt",192.168.244.1,56854,192.168.244.136,80
03/24-15:35:51.459777 ,"ET ASP SQL Injection Attempt",192.168.244.1,56855,192.168.244.136,80
03/24-15:35:51.507495 ,"ET ASP SQL Injection Attempt",192.168.244.1,56856,192.168.244.136,80
03/24-15:35:51.555775 ,"ET ASP SQL Injection Attempt",192.168.244.1,56857,192.168.244.136,80
03/24-15:35:51.601209 ,"ET ASP SQL Injection Attempt",192.168.244.1,56858,192.168.244.136,80
03/24-15:35:51.648123 ,"ET ASP SQL Injection Attempt",192.168.244.1,56859,192.168.244.136,80
03/24-15:35:51.694651 ,"ET ASP SQL Injection Attempt",192.168.244.1,56860,192.168.244.136,80
03/24-15:35:51.741959 ,"ET ASP SQL Injection Attempt",192.168.244.1,56861,192.168.244.136,80
03/24-15:35:51.805169 ,"ET ASP SQL Injection Attempt",192.168.244.1,56862,192.168.244.136,80
03/24-15:35:51.857963 ,"ET ASP SQL Injection Attempt",192.168.244.1,56863,192.168.244.136,80
03/24-15:35:51.913331 ,"ET ASP SQL Injection Attempt",192.168.244.1,56864,192.168.244.136,80
03/24-15:35:51.960179 ,"ET ASP SQL Injection Attempt",192.168.244.1,56865,192.168.244.136,80
03/24-15:35:52.023949 ,"ET ASP SQL Injection Attempt",192.168.244.1,56866,192.168.244.136,80
03/24-15:35:52.085188 ,"ET ASP SQL Injection Attempt",192.168.244.1,56867,192.168.244.136,80
03/24-15:35:52.147848 ,"ET ASP SQL Injection Attempt",192.168.244.1,56868,192.168.244.136,80
03/24-15:35:52.210562 ,"ET ASP SQL Injection Attempt",192.168.244.1,56869,192.168.244.136,80
03/24-15:35:52.546789 ,"ET ASP SQL Injection Attempt",192.168.244.1,56872,192.168.244.136,80
03/24-15:35:52.717951 ,"ET ASP SQL Injection Attempt",192.168.244.1,56873,192.168.244.136,80
03/24-15:35:52.790328 ,"ET ASP SQL Injection Attempt",192.168.244.1,56874,192.168.244.136,80
03/24-15:35:52.852250 ,"ET ASP SQL Injection Attempt",192.168.244.1,56875,192.168.244.136,80
03/24-15:35:52.898809 ,"ET ASP SQL Injection Attempt",192.168.244.1,56876,192.168.244.136,80
03/24-15:35:52.945580 ,"ET ASP SQL Injection Attempt",192.168.244.1,56877,192.168.244.136,80
03/24-15:35:53.025001 ,"ET ASP SQL Injection Attempt",192.168.244.1,56878,192.168.244.136,80
03/24-15:35:53.071283 ,"ET ASP SQL Injection Attempt",192.168.244.1,56879,192.168.244.136,80
